"https://assets.usesi.com/product-media/images/P4190.jpg","Leviton 8681 Mogul To Medium Base 1-Piece Incandescent Socket Adapter 250 Volt White",68883,660
"https://assets.usesi.com/product-media/images/P6162.jpg","Juno Lighting GU10-WHIP GU10 Base Socket Whip Adapter 120 Volt",23295,812
"https://assets.usesi.com/product-media/images/P58634.jpg","Leviton 2006 Medium To Medium Base 1-Piece 1-Circuit Incandescent Socket Adapter and Extension 250 Volt Black",43449,256
"https://assets.usesi.com/product-media/images/P59638.jpg","Leviton 9850-LED GU24 Base Keyless LED Lampholder 120 Volt AC White",80196,791
"https://assets.usesi.com/product-media/images/P4320.jpg","Eaton DPU222R 1-Phase Pull-Out AC Disconnect Switch 120/240 Volt AC 60 Amp NEMA 3R",35759,574
"https://assets.usesi.com/product-media/images/P14166.jpg","GE Lighting 18902 BD17 Elliptical Metal Halide Lamp 175 Watt E26 Medium Base 13600 Lumens 65 CRI 4000K",40494,606
"https://assets.usesi.com/product-media/images/P27196.jpg","Philips Lighting 414060 EL/mdTQS T2 Energy Saver Compact Fluorescent Lamp 23 Watt E26 Medium Base",63513,553
"https://assets.usesi.com/product-media/images/P81932.jpg","Philips Lighting 300434 Dimmable PL-L Linear Compact Fluorescent Lamp 40 Watt 4-Pin 2G11 Base 3300 Lumens",37269,817
"https://assets.usesi.com/product-media/images/P528697.jpg","Generac GP8000E Portable Generator 8000 Watt 3600 RPM",71529,840
"https://assets.usesi.com/product-media/images/P361669.jpg","Generac 6873 Smart Management Module For Generac Standby Generators",40238,998
"https://assets.usesi.com/product-media/images/P166601.jpg","Generac 6393 Spring Loaded Flip Lid For Power Inlet Boxes",22056,718
"https://assets.usesi.com/product-media/images/P163060.jpg","Generac 6485 Maintenance Kit For Generac 20 Kilo-Watt Guardian Standby Generators Only",42767,163
"https://assets.usesi.com/product-media/images/P159242.jpg","Generac 6199 Power Management Module Starter Kit",26233,705
"https://assets.usesi.com/product-media/images/P665567.jpg","SolarEdge SE11400A-USR00NNC2 Non-Isolated String Inverter 11400 Watt AC",81498,851
"https://assets.usesi.com/product-media/images/P499279.jpg","Thomas & Betts E986J PVC Type LB Non-Metallic Conduit Body 2 Inch Carlon",29045,116
"https://assets.usesi.com/product-media/images/P9495.jpg","Thomas & Betts A243F Polycarbonate Blue Threaded Non-Metallic Adapter 1 Inch Carlon",52053,494
"https://assets.usesi.com/product-media/images/P59147.jpg","Arlington RW3 Plated Steel Reducing Washer 1 Inch x 3/4 Inch",54182,560
"https://assets.usesi.com/product-media/images/P109558.jpg","Crouse-Hinds ECD15 Stainless Steel Universal Drain Or Breather 1/2 Inch",81560,709
